<?xml version="1.0" encoding="utf-8"?>
<ModMetaData>
	<name>Gestalt Engine</name>
	<author>Helixien</author>
	<supportedVersions>
		<li>1.4</li>
		<li>1.5</li>
	</supportedVersions>
	<url>https://steamcommunity.com/sharedfiles/filedetails/?id=3042095701</url>
	<modVersion>1.1.1-Specter-rev1</modVersion>
	<packageId>hlx.GestaltEngine</packageId>
	<description>“Gestalt Engine” is a standalone and improved version of the one found in “Reinforced Mechanoids 2”. It allows the player to control mechanoids without the need for a mechanitor. On top this version also adds a new mechanoid, the Matriarch, which can gestate new mechanoids.</description>
	<modDependencies>
		<li>
			<packageId>OskarPotocki.VanillaFactionsExpanded.Core</packageId>
			<displayName>Vanilla Expanded Framework</displayName>
			<downloadUrl>https://github.com/Vanilla-Expanded/VanillaExpandedFramework</downloadUrl>
			<steamWorkshopUrl>https://steamcommunity.com/workshop/filedetails/?id=2023507013</steamWorkshopUrl>
		</li>
		<li>
			<packageId>Ludeon.RimWorld.Biotech</packageId>
			<displayName>Biotech</displayName>
			<downloadUrl>https://store.steampowered.com/app/1826140/RimWorld__Biotech/</downloadUrl>
		</li>
	</modDependencies>
	<loadAfter>
		<li>Ludeon.RimWorld.Biotech</li>
		<li>OskarPotocki.VanillaFactionsExpanded.Core</li>
		<li>hlx.ReinforcedMechanoids2</li>
		<li>hlx.UltratechAlteredCarbon</li>
	</loadAfter>
</ModMetaData>